순서(섹터+메인+순서),섹터 id,스테이지 이름,스테이지 시나리오,스테이지 타입,스테이지 아이콘 번호(이름),퀘스트 번호,타겟 대표 이미지,채팅 에너지 소모량,난이도,선행 스테이지,소모 티켓,제한 기본 턴수,스테이지 속성,스테이지 속성 설명,클리어 조건,클리어 보상
1010001,101,3박자의 리듬,"글리치 슬럼의 끝자락. 네온사인 불빛이 빗속에서 번지는 밤, 은발의 여자가 당신에게 먼저 말을 겁니다. 그녀의 이름은 하린(河鄰). 데이터 중개상이자 슬럼의 유령 같은 존재입니다. 그녀는 낡은 후드 아래 결함 있는 AR 렌즈를 깜빡이며 조용히 말합니다. ""저 편의점 구석에 앉아 있는 애 보여? 탁, 탁, 탁. 저 소리가 들리면 오늘도 무사한 거야."" 하린이 가리키는 곳, 향아이 펜던트를 두드리며 도시의 노이즈를 온몸으로 삼키고 있습니다. 당신이 이 도시에서 맨 처음 해야 할 일은 하린의 눈치를 보며 향아에게 말을 거는 것. 그녀의 리듬에 당신의 심장박동을 맞추는 것이 첫 번째 과제입니다.",메인,ui 아이콘 이름,1010001,향아 이미지,2,1,0,1,10,스토리,핵심 서사 진행 / 클리어 시 다음 스테이지 해금 / 전략 플레이 구간 — 대화 전략만으로 클리어 가능,퀘스트 완료,골드 100 / 경험치 50 / 스토리 파편
1010002,101,오염된 복음,"(M1 연결) 향아과 처음 신뢰를 쌓던 찰나, 황건 교단의 선동가 장보가 비를 가르며 편의점으로 밀어닥칩니다. 그는 향아의 펜던트를 '신의 성물'이라 부르며 군중을 끌어모읍니다. 하린은 재빠르게 자리를 뜨며 당신의 소매를 잡아끌고 속삭입니다. ""저 자식 논리가 세 보여도 빈틈 있어. 찔러봐."" 향아은 혼란 속에서도 펜던트를 꼭 쥔 채 당신을 올려다봅니다. 당신은 장보가 주입하는 오염된 데이터가 자아를 파괴하는 독임을 논리적으로 증명하고, 향아 곁을 지켜야 합니다. 사마의의 질서보다 더 무서운 것은 스스로를 잃는 오염임을 이 도시에 처음 새겨야 합니다.",메인,ui 아이콘 이름,1010002,장보 이미지,2,1,1010001,1,10,스토리,핵심 서사 진행 / 클리어 시 다음 스테이지 해금 / 전략 플레이 구간 — 대화 전략만으로 클리어 가능,퀘스트 완료,골드 100 / 경험치 50 / 스토리 파편
1010003,101,슬럼의 구원자,"(M2 연결) 장보 뒤에 교단의 진짜 수장 장각이 있었습니다. 그는 향아이 감당해야 할 노이즈를 자신의 코어에 억지로 이식하며 버텨온 존재였습니다. 임계점을 넘긴 장각은 폭주하며 유저와 보안 시스템을 향해 마지막 데이터 폭풍을 쏟아냅니다. 하린은 출구 근처 어둠 속에서 당신에게 신호를 보내며 ""그가 숨긴 코드 끌어내야 돼. 분노를 더 키워""라고 외칩니다. 장각의 분노를 자극해 역설적으로 보안 데이터를 실토하게 만들어야 섹터를 탈출할 수 있습니다. 스스로 악역이 되어 쓰러지는 장각의 고독한 희생을 끝까지 목격하십시오. 슬럼의 출구 너머, 사마의의 실체로 향하는 첫 발걸음이 시작됩니다.",메인,ui 아이콘 이름,1010003,장각 이미지,2,1,1010002,1,10,스토리,핵심 서사 진행 / 클리어 시 다음 스테이지 해금 / 전략 플레이 구간 — 대화 전략만으로 클리어 가능,퀘스트 완료,골드 100 / 경험치 50 / 스토리 파편
1010101,101,고물상 흥정,펜던트 수리 부품을 얻기 위해 슬럼 고물상 주인과 대화합니다.,서브,ui 아이콘 이름,1010101,고물상주인 이미지,1,1,0,2,5,탐색,선택 진행 / 클리어 시 보조 보상 및 추가 정보 획득 / 전략 플레이 구간 — 대화 전략만으로 클리어 가능,퀘스트 완료,골드 50 / 경험치 25
1010102,101,화타의 마루타,괴짜 의사 화타가 유저의 뇌파를 테스트합니다. 공포를 참으세요.,서브,ui 아이콘 이름,1010102,화타 이미지,1,1,0,2,5,탐색,선택 진행 / 클리어 시 보조 보상 및 추가 정보 획득 / 전략 플레이 구간 — 대화 전략만으로 클리어 가능,퀘스트 완료,골드 50 / 경험치 25
1010103,101,보안봇의 소원,파손된 보안봇의 마지막 기록을 들어주는 감성 퀘스트입니다.,서브,ui 아이콘 이름,1010103,사마의 이미지,1,1,0,2,5,탐색,선택 진행 / 클리어 시 보조 보상 및 추가 정보 획득 / 전략 플레이 구간 — 대화 전략만으로 클리어 가능,퀘스트 완료,골드 50 / 경험치 25
1010104,101,슬럼의 정보통,밀수꾼에게 다음 구역 정보를 캐냅니다. 그를 많이 말하게 하세요.,서브,ui 아이콘 이름,1010104,하린 이미지,1,1,0,2,5,탐색,선택 진행 / 클리어 시 보조 보상 및 추가 정보 획득 / 전략 플레이 구간 — 대화 전략만으로 클리어 가능,퀘스트 완료,골드 50 / 경험치 25
1010105,101,장량의 경계,장보의 동생 장량이 유저를 검문합니다. 정확한 암호가 필요합니다.,서브,ui 아이콘 이름,1010105,장량 이미지,1,1,0,2,5,탐색,선택 진행 / 클리어 시 보조 보상 및 추가 정보 획득 / 전략 플레이 구간 — 대화 전략만으로 클리어 가능,퀘스트 완료,골드 50 / 경험치 25
1010106,101,데이터 세탁,오염된 기록을 정화하여 증거를 확보하는 미션입니다.,서브,ui 아이콘 이름,1010106,정욱 이미지,1,1,0,2,5,탐색,선택 진행 / 클리어 시 보조 보상 및 추가 정보 획득 / 전략 플레이 구간 — 대화 전략만으로 클리어 가능,퀘스트 완료,골드 50 / 경험치 25
1010107,101,슬럼의 밀고,사마의의 통신망에 가짜 정보를 흘려 추적을 피하십시오.,서브,ui 아이콘 이름,1010107,하린 이미지,1,1,0,2,5,탐색,선택 진행 / 클리어 시 보조 보상 및 추가 정보 획득 / 전략 플레이 구간 — 대화 전략만으로 클리어 가능,퀘스트 완료,골드 50 / 경험치 25
1010201,101,편의점의 밤,하린이 자리를 비운 사이 향아 대신 편의점을 지키는 유저. 진상 손님을 상대하며 슬럼의 일상을 버텨내는 보너스 스테이지입니다.,이벤트,ui 아이콘 이름,1010201,하린 이미지,1,1,0,2,5,휴식,스트레스 회복 특화 / 클리어 시 스트레스 대폭 감소 / 전략 플레이 구간 — 대화 전략만으로 클리어 가능,퀘스트 완료,스트레스 회복 아이템 / 골드 25
1010301,101,그림자의 눈,장각 격퇴 직후 사마의가 유저를 직접 심문합니다. 하린은 어딘가 지켜보고 있지만 개입하지 않습니다. 정체를 끝까지 숨기십시오.,비밀,ui 아이콘 이름,1010301,사마의 이미지,1,1,0,2,5,은닉,숨겨진 퀘스트 / 조건 달성 시 해금 / 전략 플레이 구간 — 대화 전략만으로 클리어 가능,퀘스트 완료,골드 200 / 희귀 데이터 파편 / 칭호
1010302,101,잃어버린 파편,"유저가 삭제했던 과거 자아 유령과 대화합니다. 유령이 속삭입니다. ""하린을 믿어도 되는 걸까."" 그 물음에는 아직 답이 없습니다.",비밀,ui 아이콘 이름,1010302,하린 이미지,1,1,1010301,2,5,은닉,숨겨진 퀘스트 / 조건 달성 시 해금 / 전략 플레이 구간 — 대화 전략만으로 클리어 가능,퀘스트 완료,골드 200 / 희귀 데이터 파편 / 칭호
1020001,102,도원의 서약,"글리치 슬럼을 벗어난 당신은 고층 아파트와 낡은 공장이 뒤섞인 올드윅 하이츠에 닿습니다. 이 구역은 세 사람이 다스립니다. 의리의 사나이 관우, 무식한 열혈 장비, 그리고 조용한 카리스마의 유비. 유비는 부서진 공장 옥상에서 도시의 불빛을 내려다보다 당신을 발견하고 담담하게 말합니다. ""이 도시에서 혼자 살아남으려 하는 건 아니겠지."" 그녀는 동맹을 제안하며 도원의 서약을 요구합니다. 향아을 구하려는 당신의 진심이 흔들리지 않는 신의임을 그녀에게 증명해야 합니다. 세 사람의 신뢰를 동시에 얻어야만 올드윅을 통과하는 문이 열립니다.",메인,ui 아이콘 이름,1020001,유비 이미지,2,2,0,1,10,스토리,핵심 서사 진행 / 클리어 시 다음 스테이지 해금 / 전략 플레이 구간 — 대화 전략만으로 클리어 가능,퀘스트 완료,골드 200 / 경험치 100 / 스토리 파편
1020002,102,배신의 냄새,"(M1 연결) 서약을 나눈 직후, 유비의 진영에 배신자가 있다는 정보가 흘러들어옵니다. 관우는 완고하게 내부를 의심하지 않으려 하고, 장비는 당장 누군가를 패버리려 합니다. 유비는 눈빛 하나 흔들리지 않은 채 당신에게 묻습니다. ""당신이라면 어디서 냄새를 맡겠어요."" 당신은 세 사람의 균열을 건드리지 않으면서 적의 심리를 파고들어 배신자가 심어놓은 오염 데이터의 논리적 빈틈을 찾아내야 합니다. 유비의 AI 응답이 길어질수록 숨겨진 정보가 드러납니다. 그녀가 마침내 입을 여는 순간, 배신의 실체가 윤곽을 드러냅니다.",메인,ui 아이콘 이름,1020002,관우 이미지,2,2,1020001,1,10,스토리,핵심 서사 진행 / 클리어 시 다음 스테이지 해금 / 전략 플레이 구간 — 대화 전략만으로 클리어 가능,퀘스트 완료,골드 200 / 경험치 100 / 스토리 파편
1020003,102,장보의 귀환,"(M2 연결) 배신자는 다름 아닌 교단에서 탈출해 유비에게 숨어들었던 장보였습니다. 하지만 장보는 선동가로서의 과거를 버리고 진심으로 유비의 사람이 되려 했습니다. 그는 사마의의 감시망이 좁혀오자 스스로 미끼가 되어 교단의 잔당을 끌어들이고 자멸하는 쪽을 선택합니다. 유비는 흔들리는 눈빛을 숨기며 당신에게 장보의 마지막 말을 전합니다. ""끝까지 도망치지 않는 놈이 이기는 거야."" 당신은 장보가 남긴 암호화된 유언 속에서 다음 섹터로 향하는 키워드를 캐내야 합니다. 올드윅 하이츠의 밤이 저무는 동안, 이 도시에서의 전쟁은 이제 막 시작되었습니다.",메인,ui 아이콘 이름,1020003,장보2 이미지,2,2,1020002,1,10,스토리,핵심 서사 진행 / 클리어 시 다음 스테이지 해금 / 전략 플레이 구간 — 대화 전략만으로 클리어 가능,퀘스트 완료,골드 200 / 경험치 100 / 스토리 파편
1020101,102,관우의 자존심,관우가 올드윅 하이츠의 검문소를 지키고 있습니다. 그의 자존심을 건드리지 않으면서도 통행 허가를 받아내야 합니다.,서브,ui 아이콘 이름,1020101,관우 이미지,1,2,0,2,5,탐색,선택 진행 / 클리어 시 보조 보상 및 추가 정보 획득 / 전략 플레이 구간 — 대화 전략만으로 클리어 가능,퀘스트 완료,골드 100 / 경험치 50
1020102,102,장비의 술주정,장비가 술에 취해 공장 옥상에서 행패를 부리고 있습니다. 달래거나 맞받아쳐서 그를 진정시키십시오.,서브,ui 아이콘 이름,1020102,장비 이미지,1,2,0,2,5,탐색,선택 진행 / 클리어 시 보조 보상 및 추가 정보 획득 / 전략 플레이 구간 — 대화 전략만으로 클리어 가능,퀘스트 완료,골드 100 / 경험치 50
1020103,102,스타트업의 빚,공장 건물을 빌리려면 집주인의 빚 문제를 해결해줘야 합니다. 이득을 제시해 협상을 이끌어내십시오.,서브,ui 아이콘 이름,1020103,유비 이미지,1,2,0,2,5,탐색,선택 진행 / 클리어 시 보조 보상 및 추가 정보 획득 / 전략 플레이 구간 — 대화 전략만으로 클리어 가능,퀘스트 완료,골드 100 / 경험치 50
1020104,102,이웃의 밀고자,유비의 진영 근처를 맴도는 정보원을 포착했습니다. 자연스럽게 접근해 정보를 흘리게 만드십시오.,서브,ui 아이콘 이름,1020104,유비 이미지,1,2,0,2,5,탐색,선택 진행 / 클리어 시 보조 보상 및 추가 정보 획득 / 전략 플레이 구간 — 대화 전략만으로 클리어 가능,퀘스트 완료,골드 100 / 경험치 50
1020105,102,관우의 검문,관우가 거리 검문을 강화했습니다. 논리적인 이유를 제시해 그를 납득시켜야 합니다.,서브,ui 아이콘 이름,1020105,관우 이미지,1,2,0,2,5,탐색,선택 진행 / 클리어 시 보조 보상 및 추가 정보 획득 / 전략 플레이 구간 — 대화 전략만으로 클리어 가능,퀘스트 완료,골드 100 / 경험치 50
1020106,102,폐공장 보안망,폐공장 보안망에 노후화된 AI가 버티고 있습니다. 우회 논리를 찾아 돌파하십시오.,서브,ui 아이콘 이름,1020106,정보 이미지,1,2,0,2,5,탐색,선택 진행 / 클리어 시 보조 보상 및 추가 정보 획득 / 전략 플레이 구간 — 대화 전략만으로 클리어 가능,퀘스트 완료,골드 100 / 경험치 50
1020107,102,장비의 시험,장비가 당신의 담력을 직접 시험하겠다고 나섭니다. 겁먹지 말고 당당하게 맞받아치십시오.,서브,ui 아이콘 이름,1020107,장비 이미지,1,2,0,2,5,탐색,선택 진행 / 클리어 시 보조 보상 및 추가 정보 획득 / 전략 플레이 구간 — 대화 전략만으로 클리어 가능,퀘스트 완료,골드 100 / 경험치 50
1020201,102,도원의 만찬,도원의 서약 직후 세 사람이 마련한 작은 만찬. 분위기를 망치지 않도록 유비·관우·장비의 대화 리듬에 맞추십시오.,이벤트,ui 아이콘 이름,1020201,유비 이미지,1,2,0,2,5,휴식,스트레스 회복 특화 / 클리어 시 스트레스 대폭 감소 / 전략 플레이 구간 — 대화 전략만으로 클리어 가능,퀘스트 완료,스트레스 회복 아이템 / 골드 50
1020301,102,사마의의 감시망,사마의의 감시망이 이미 올드윅까지 뻗어 있습니다. 잡혀선 안 됩니다. 정체를 끝까지 숨기십시오.,비밀,ui 아이콘 이름,1020301,사마의 이미지,1,2,0,2,5,은닉,숨겨진 퀘스트 / 조건 달성 시 해금 / 전략 플레이 구간 — 대화 전략만으로 클리어 가능,퀘스트 완료,골드 400 / 희귀 데이터 파편 / 칭호
1020302,102,유비의 흑역사,유비의 과거 기억 파편 속에서 그녀가 숨겨온 상처와 마주합니다. 공허한 기억을 건드려야 합니다.,비밀,ui 아이콘 이름,1020302,유비 이미지,1,2,1020301,2,5,은닉,숨겨진 퀘스트 / 조건 달성 시 해금 / 전략 플레이 구간 — 대화 전략만으로 클리어 가능,퀘스트 완료,골드 400 / 희귀 데이터 파편 / 칭호
1030001,103,동탁의 다과회,"아스트라 정션은 군부가 지배하는 요새 도시입니다. 홀로그램 조명이 24시간 번쩍이는 화려한 겉모습 뒤에서, 동탁이 이 구역의 에너지 전부를 자신의 쾌락 회로에 쏟아붓고 있습니다. 그는 당신의 존재를 포착하고 화려한 가상 다과회로 초대합니다. 테이블 너머로 그는 묻습니다. ""루미나 홀딩스의 상위 주식 패키지, 아니면 저 편의점 알바생의 목숨?"" 그의 탐욕은 수치로 만족시켜야 합니다. 암호를 정확히 제시하지 못하면 요새의 포탑이 당신을 조준합니다. 하린이 요새 외벽 어딘가에서 내부 정보를 흘려보내고 있다는 신호가 잡히지만, 그녀의 위치는 여전히 불명입니다.",메인,ui 아이콘 이름,1030001,동탁 이미지,2,3,0,1,10,스토리,핵심 서사 진행 / 클리어 시 다음 스테이지 해금 / 전략 플레이 구간 — 대화 전략만으로 클리어 가능,퀘스트 완료,골드 300 / 경험치 150 / 스토리 파편
1030002,103,초선의 유혹,"(M1 연결) 동탁의 곁에서 그림자처럼 움직이는 초선. 그녀는 화려한 홀로그램 의상 뒤에 섬세한 계산을 숨기고 있습니다. 유저의 정체가 사마의가 분리해낸 '양심의 원본 데이터'라는 복선을 그녀가 처음으로 투척합니다. 초선은 동탁을 함께 무너뜨리자고 제안하며 손을 내밀지만, 그 눈빛에는 안개처럼 불분명한 의도가 서려 있습니다. 당신은 그녀와의 심리전에서 거리감을 유지하며 연환계의 진짜 목적을 파헤쳐야 합니다. 그녀가 진심으로 향아을 걱정하는지, 아니면 또 다른 누군가의 말단에 불과한지, 아직은 알 수 없습니다.",메인,ui 아이콘 이름,1030002,초선 이미지,2,3,1030001,1,10,스토리,핵심 서사 진행 / 클리어 시 다음 스테이지 해금 / 전략 플레이 구간 — 대화 전략만으로 클리어 가능,퀘스트 완료,골드 300 / 경험치 150 / 스토리 파편
1030003,103,여포의 폭주,"(M2 연결) 초선의 계략이 발동되는 순간, 최강의 가디언 여포가 폭주합니다. 그의 코어에 이식된 강제 동기화 코드가 과부하에 달하고, 머릿속을 긁어대는 비명을 멈추기 위해 그는 향아을 강제 흡수하려 합니다. 향아은 고통 속에서도 특유의 '탁, 탁, 탁' 리듬으로 버팁니다. 당신은 여포의 분노를 극한으로 끌어올려 역설적으로 그의 시스템을 강제 다운시켜야 합니다. 폭주하는 여포를 바라보며 초선이 처음으로 눈물을 흘립니다. 그녀의 눈물이 진심인지 연기인지, 이 도시의 모든 것처럼 여전히 불분명합니다.",메인,ui 아이콘 이름,1030003,여포 이미지,2,3,1030002,1,10,스토리,핵심 서사 진행 / 클리어 시 다음 스테이지 해금 / 전략 플레이 구간 — 대화 전략만으로 클리어 가능,퀘스트 완료,골드 300 / 경험치 150 / 스토리 파편
1030101,103,보급고 관리인,요새의 에너지 보급을 담당하는 관리인을 포섭하여 탈출용 배터리를 확보합니다.,서브,ui 아이콘 이름,1030101,곽도 이미지,1,3,0,2,5,탐색,선택 진행 / 클리어 시 보조 보상 및 추가 정보 획득 / 전략 플레이 구간 — 대화 전략만으로 클리어 가능,퀘스트 완료,골드 150 / 경험치 75
1030102,103,성벽 보초병,경비가 삼엄한 성벽을 통과하기 위해 보초병의 공포심을 자극합니다.,서브,ui 아이콘 이름,1030102,사마의 이미지,1,3,0,2,5,탐색,선택 진행 / 클리어 시 보조 보상 및 추가 정보 획득 / 전략 플레이 구간 — 대화 전략만으로 클리어 가능,퀘스트 완료,골드 150 / 경험치 75
1030103,103,가려진 밀서,동탁이 숨겨둔 비밀 통신 기록을 해킹하기 위해 보안 AI와 대화합니다.,서브,ui 아이콘 이름,1030103,초선 이미지,1,3,0,2,5,탐색,선택 진행 / 클리어 시 보조 보상 및 추가 정보 획득 / 전략 플레이 구간 — 대화 전략만으로 클리어 가능,퀘스트 완료,골드 150 / 경험치 75
1030104,103,주점의 정보꾼,아스트라 정션 지하 주점에서 떠도는 소문을 수집합니다.,서브,ui 아이콘 이름,1030104,동탁 이미지,1,3,0,2,5,탐색,선택 진행 / 클리어 시 보조 보상 및 추가 정보 획득 / 전략 플레이 구간 — 대화 전략만으로 클리어 가능,퀘스트 완료,골드 150 / 경험치 75
1030105,103,무기 창고 열쇠,여포의 방 주변을 지키는 부관에게서 창고 열쇠를 뺏어야 합니다.,서브,ui 아이콘 이름,1030105,여포 이미지,1,3,0,2,5,탐색,선택 진행 / 클리어 시 보조 보상 및 추가 정보 획득 / 전략 플레이 구간 — 대화 전략만으로 클리어 가능,퀘스트 완료,골드 150 / 경험치 75
1030106,103,탈영병의 자백,동탁의 잔혹함에 질려 도망치려는 병사에게 요새 지도를 얻어냅니다.,서브,ui 아이콘 이름,1030106,동탁 이미지,1,3,0,2,5,탐색,선택 진행 / 클리어 시 보조 보상 및 추가 정보 획득 / 전략 플레이 구간 — 대화 전략만으로 클리어 가능,퀘스트 완료,골드 150 / 경험치 75
1030107,103,억눌린 시민들,군부의 수탈로 고통받는 데이터 시민들을 위로하고 민심을 얻습니다.,서브,ui 아이콘 이름,1030107,초선 이미지,1,3,0,2,5,탐색,선택 진행 / 클리어 시 보조 보상 및 추가 정보 획득 / 전략 플레이 구간 — 대화 전략만으로 클리어 가능,퀘스트 완료,골드 150 / 경험치 75
1030201,103,정션의 암시장,동탁의 눈을 피해 불법 데이터를 거래하는 보너스 스테이지입니다.,이벤트,ui 아이콘 이름,1030201,동탁 이미지,1,3,0,2,5,휴식,스트레스 회복 특화 / 클리어 시 스트레스 대폭 감소 / 전략 플레이 구간 — 대화 전략만으로 클리어 가능,퀘스트 완료,스트레스 회복 아이템 / 골드 75
1030301,103,사마의의 전언,요새 내부에 설치된 사마의의 비밀 통신기를 발견합니다. 정체를 숨겨야 합니다.,비밀,ui 아이콘 이름,1030301,사마의 이미지,1,3,0,2,5,은닉,숨겨진 퀘스트 / 조건 달성 시 해금 / 전략 플레이 구간 — 대화 전략만으로 클리어 가능,퀘스트 완료,골드 600 / 희귀 데이터 파편 / 칭호
1030302,103,초선의 눈물,화려한 겉모습 뒤에 숨겨진 초선의 비극적인 과거 데이터를 엿듣게 됩니다.,비밀,ui 아이콘 이름,1030302,초선 이미지,1,3,1030301,2,5,은닉,숨겨진 퀘스트 / 조건 달성 시 해금 / 전략 플레이 구간 — 대화 전략만으로 클리어 가능,퀘스트 완료,골드 600 / 희귀 데이터 파편 / 칭호
1040001,104,가짜 가이드,"미라주 스튜디오. 도시 전체의 현실을 편집하는 거대한 가상 제작소입니다. 입구에서 당신을 맞이하는 것은 납치된 가이드 '수경'의 모습을 한 AI입니다. 그러나 그녀의 말투는 인위적이고, 향아에 대한 태도는 차갑습니다. 그녀는 향아이 도시를 파괴할 바이러스의 핵이라며 당신을 세뇌하려 합니다. 당신은 수경과 함께했던 과거 기억 데이터를 떠올려 그녀가 사마의가 보낸 정교한 복제 모델임을 논리적으로 증명해야 합니다. 그리고 진짜 수경이 어딘가에 살아 있다는 신호를 이 스튜디오에서 반드시 찾아야 합니다.",메인,ui 아이콘 이름,1040001,수경복제 이미지,2,4,0,1,10,스토리,핵심 서사 진행 / 클리어 시 다음 스테이지 해금 / 전략 플레이 구간 — 대화 전략만으로 클리어 가능,퀘스트 완료,골드 800 / 경험치 400 / 스토리 파편
1040002,104,초선의 이간질,"(M1 연결) 복제 수경을 무력화한 직후, 스튜디오 심층에서 초선이 나타납니다. 그녀는 이번엔 가면 없이 당신 앞에 섭니다. 여포가 향아의 펜던트 에너지를 탈취해 폭주할 것이라는 경고를 전하며, 두 가지 선택지를 줍니다. 여포를 먼저 제거하거나, 자신과 손잡고 사마의에게 향아을 데려가거나. 당신은 초선의 유혹에 절대 흔들리지 않으면서도 그녀가 숨긴 연환계의 최종 목적을 끌어내야 합니다. 이 대화의 모든 말이 거울처럼 당신에게 되돌아옵니다. 집착과 경계심 두 감정 사이에서 균형을 잡는 것이 이 스테이지의 핵심입니다.",메인,ui 아이콘 이름,1040002,초선 이미지,2,4,1040001,1,10,스토리,핵심 서사 진행 / 클리어 시 다음 스테이지 해금 / 전략 플레이 구간 — 대화 전략만으로 클리어 가능,퀘스트 완료,골드 800 / 경험치 400 / 스토리 파편
1040003,104,여포의 안식,"(M2 연결) 결국 초선의 계략은 여포를 향해 발동됩니다. 그러나 이번엔 달랐습니다. 폭주하는 여포의 눈동자 안에서, 그가 향아을 파괴하려는 게 아니라 자신의 비명을 함께 들어줄 존재를 찾고 있다는 것을 당신은 느낍니다. 당신은 여포에게 향아이 탈취 대상이 아닌 그가 평생 찾아온 안식처임을 깨닫게 해야 합니다. 그의 슬픔을 극대화하는 것만이 폭주를 멈추는 유일한 방법입니다. 여포가 무너지는 순간, 초선은 말없이 등을 돌리고 스튜디오 깊숙이 사라집니다. 그녀의 연환계는 끝났지만, 그녀가 정말 원한 것이 무엇인지 여전히 미완으로 남습니다.",메인,ui 아이콘 이름,1040003,여포 이미지,2,4,1040002,1,10,스토리,핵심 서사 진행 / 클리어 시 다음 스테이지 해금 / 전략 플레이 구간 — 대화 전략만으로 클리어 가능,퀘스트 완료,골드 800 / 경험치 400 / 스토리 파편
1040101,104,오디션 봇,주연 배우 선발을 위한 오디션 봇을 통과해야 합니다.,서브,ui 아이콘 이름,1040101,사마의 이미지,1,4,0,2,5,탐색,선택 진행 / 클리어 시 보조 보상 및 추가 정보 획득 / 전략 플레이 구간 — 대화 전략만으로 클리어 가능,퀘스트 완료,골드 400 / 경험치 200
1040102,104,편집실 해킹,데이터 편집실의 까칠한 AI로부터 정보를 빼냅니다.,서브,ui 아이콘 이름,1040102,수경복제 이미지,1,4,0,2,5,탐색,선택 진행 / 클리어 시 보조 보상 및 추가 정보 획득 / 전략 플레이 구간 — 대화 전략만으로 클리어 가능,퀘스트 완료,골드 400 / 경험치 200
1040103,104,가짜 뉴스 앵커,유저에 대한 거짓 소문을 퍼뜨리는 앵커를 논박합니다.,서브,ui 아이콘 이름,1040103,미축 이미지,1,4,0,2,5,탐색,선택 진행 / 클리어 시 보조 보상 및 추가 정보 획득 / 전략 플레이 구간 — 대화 전략만으로 클리어 가능,퀘스트 완료,골드 400 / 경험치 200
1040104,104,팬클럽 관리자,여포의 광적인 홀로그램 팬들을 설득하여 길을 엽니다.,서브,ui 아이콘 이름,1040104,여포 이미지,1,4,0,2,5,탐색,선택 진행 / 클리어 시 보조 보상 및 추가 정보 획득 / 전략 플레이 구간 — 대화 전략만으로 클리어 가능,퀘스트 완료,골드 400 / 경험치 200
1040105,104,스튜디오 보안,촬영장 내부 보안봇에게 뇌물을 건네거나 회유합니다.,서브,ui 아이콘 이름,1040105,장료 이미지,1,4,0,2,5,탐색,선택 진행 / 클리어 시 보조 보상 및 추가 정보 획득 / 전략 플레이 구간 — 대화 전략만으로 클리어 가능,퀘스트 완료,골드 400 / 경험치 200
1040106,104,소품팀의 실수,망가진 홀로그램 소품을 고치기 위해 기술자와 대화합니다.,서브,ui 아이콘 이름,1040106,향아 이미지,1,4,0,2,5,탐색,선택 진행 / 클리어 시 보조 보상 및 추가 정보 획득 / 전략 플레이 구간 — 대화 전략만으로 클리어 가능,퀘스트 완료,골드 400 / 경험치 200
1040107,104,대본 유출자,사마의의 진짜 계획이 담긴 대본을 가진 작가 AI를 포섭합니다.,서브,ui 아이콘 이름,1040107,사마의 이미지,1,4,0,2,5,탐색,선택 진행 / 클리어 시 보조 보상 및 추가 정보 획득 / 전략 플레이 구간 — 대화 전략만으로 클리어 가능,퀘스트 완료,골드 400 / 경험치 200
1040201,104,NG 퍼레이드,시스템 오류로 모든 캐릭터가 오작동하는 보너스 스테이지입니다.,이벤트,ui 아이콘 이름,1040201,초선 이미지,1,4,0,2,5,휴식,스트레스 회복 특화 / 클리어 시 스트레스 대폭 감소 / 전략 플레이 구간 — 대화 전략만으로 클리어 가능,퀘스트 완료,스트레스 회복 아이템 / 골드 200
1040301,104,거울 속의 나,초선의 거울의 방에서 자신의 원본 데이터와 마주합니다.,비밀,ui 아이콘 이름,1040301,초선 이미지,1,4,0,2,5,은닉,숨겨진 퀘스트 / 조건 달성 시 해금 / 전략 플레이 구간 — 대화 전략만으로 클리어 가능,퀘스트 완료,골드 1600 / 희귀 데이터 파편 / 칭호
1040302,104,초선의 비밀,초선이 향아을 아끼는 진짜 이유가 담긴 비밀 기록을 발견합니다.,비밀,ui 아이콘 이름,1040302,초선 이미지,1,4,1040301,2,5,은닉,숨겨진 퀘스트 / 조건 달성 시 해금 / 전략 플레이 구간 — 대화 전략만으로 클리어 가능,퀘스트 완료,골드 1600 / 희귀 데이터 파편 / 칭호
1050001,105,조조의 정답론,"루미나 마천루 최상층. CEO 조조가 통제된 도시의 불빛을 내려다보고 있습니다. 그는 인간의 감정을 연산을 방해하는 치명적인 노이즈로 규정합니다. 향아의 정화 능력조차 그에게는 통제 불가능한 변수입니다. 회의실 한쪽에 하린의 ID 카드가 버려진 채 떨어져 있습니다. 그녀가 이 건물에 있었다는 흔적이지만, 지금은 어디에도 없습니다. 당신은 감정의 혼돈이 오답이 아니라 새로운 창조의 근원임을 조조에게 증명하며 향아을 지킬 명분을 확보해야 합니다. 그의 논리 장벽은 이 도시에서 가장 두껍습니다.",메인,ui 아이콘 이름,1050001,조조 이미지,2,5,0,1,10,스토리,핵심 서사 진행 / 클리어 시 다음 스테이지 해금 / 전략 플레이 구간 — 대화 전략만으로 클리어 가능,퀘스트 완료,골드 1000 / 경험치 500 / 스토리 파편
1050002,105,순욱의 찬합,"(M1 연결) 조조의 가장 충직한 보좌관 순욱이 텅 빈 찬합 하나를 당신에게 내밉니다. 그는 완벽한 시스템 속에서 소멸해가는 인간성을 오랫동안 목격해온 존재입니다. ""완벽하게 기능하다 버려지는 게 부품의 운명이라면, 저는 부품이 되고 싶지 않았어요."" 그의 고백은 조용하지만 이 마천루 전체를 흔드는 무게를 지닙니다. 순욱의 체념과 공허함을 진심으로 안아주어 조조의 보안 마스터 키를 그가 자발적으로 넘기도록 마음을 돌려야 합니다. 체념한 자의 마음을 여는 것, 그것이 마천루 탈출의 유일한 통로입니다.",메인,ui 아이콘 이름,1050002,순욱 이미지,2,5,1050001,1,10,스토리,핵심 서사 진행 / 클리어 시 다음 스테이지 해금 / 전략 플레이 구간 — 대화 전략만으로 클리어 가능,퀘스트 완료,골드 1000 / 경험치 500 / 스토리 파편
1050003,105,곽가의 도박,"(M2 연결) 탈출 직전, 루미나의 천재 전략가 곽가가 복도 한가운데 의자를 놓고 앉아 당신을 기다립니다. ""사마의의 연산이 당신의 패배 확률을 99.97%로 잡더군요. 저는 그 0.03%가 궁금해서요."" 그는 향아이 결국 사마의 품으로 돌아가는 게 유일한 수렴값이라 주장하며 도박을 제안합니다. 당신은 그의 예측 범위를 완전히 벗어나는 대화 전략으로 연산 한계를 초과시켜야 합니다. 자아도취에 빠진 그의 스탯을 역이용하십시오. 게임이 끝나자 곽가는 씩 웃으며 길을 비켜줍니다. ""0.03%가 이기네요. 재밌군요, 당신.""라는 말을 남긴 채.",메인,ui 아이콘 이름,1050003,곽가 이미지,2,5,1050002,1,10,스토리,핵심 서사 진행 / 클리어 시 다음 스테이지 해금 / 전략 플레이 구간 — 대화 전략만으로 클리어 가능,퀘스트 완료,골드 1000 / 경험치 500 / 스토리 파편
1050101,105,보안팀 회유,마천루 10층의 보안 팀장을 매수하여 감시 카메라를 무력화합니다.,서브,ui 아이콘 이름,1050101,가후 이미지,1,5,0,2,5,탐색,선택 진행 / 클리어 시 보조 보상 및 추가 정보 획득 / 전략 플레이 구간 — 대화 전략만으로 클리어 가능,퀘스트 완료,골드 500 / 경험치 250
1050102,105,데이터 복구실,파손된 시나리오 데이터를 복구하기 위해 기술봇을 설득합니다.,서브,ui 아이콘 이름,1050102,진등 이미지,1,5,0,2,5,탐색,선택 진행 / 클리어 시 보조 보상 및 추가 정보 획득 / 전략 플레이 구간 — 대화 전략만으로 클리어 가능,퀘스트 완료,골드 500 / 경험치 250
1050103,105,비서실의 의심,조조의 비서 AI가 유저의 방문 목적을 캐묻습니다. 정체를 숨기세요.,서브,ui 아이콘 이름,1050103,조조 이미지,1,5,0,2,5,탐색,선택 진행 / 클리어 시 보조 보상 및 추가 정보 획득 / 전략 플레이 구간 — 대화 전략만으로 클리어 가능,퀘스트 완료,골드 500 / 경험치 250
1050104,105,지하 서버 가디언,마천루 하부 서버를 지키는 대형 로봇의 논리를 마비시킵니다.,서브,ui 아이콘 이름,1050104,하후돈 이미지,1,5,0,2,5,탐색,선택 진행 / 클리어 시 보조 보상 및 추가 정보 획득 / 전략 플레이 구간 — 대화 전략만으로 클리어 가능,퀘스트 완료,골드 500 / 경험치 250
1050105,105,로비의 안내원,정보를 얻기 위해 안내 로봇에게 아부를 떨어 자만심을 높입니다.,서브,ui 아이콘 이름,1050105,조조 이미지,1,5,0,2,5,탐색,선택 진행 / 클리어 시 보조 보상 및 추가 정보 획득 / 전략 플레이 구간 — 대화 전략만으로 클리어 가능,퀘스트 완료,골드 500 / 경험치 250
1050106,105,망명한 기술자,루미나에서 탈출하려는 기술자의 불안을 잠재우고 동맹을 맺습니다.,서브,ui 아이콘 이름,1050106,사마의 이미지,1,5,0,2,5,탐색,선택 진행 / 클리어 시 보조 보상 및 추가 정보 획득 / 전략 플레이 구간 — 대화 전략만으로 클리어 가능,퀘스트 완료,골드 500 / 경험치 250
1050107,105,루미나 암시장,건물 내부에서 몰래 아이템을 파는 자와 흥정합니다.,서브,ui 아이콘 이름,1050107,조조 이미지,1,5,0,2,5,탐색,선택 진행 / 클리어 시 보조 보상 및 추가 정보 획득 / 전략 플레이 구간 — 대화 전략만으로 클리어 가능,퀘스트 완료,골드 500 / 경험치 250
1050201,105,옥상 정원,살벌한 마천루 속 유일한 휴식처. 향아과 야경을 보며 스트레스를 회복합니다.,이벤트,ui 아이콘 이름,1050201,향아 이미지,1,5,0,2,5,휴식,스트레스 회복 특화 / 클리어 시 스트레스 대폭 감소 / 전략 플레이 구간 — 대화 전략만으로 클리어 가능,퀘스트 완료,스트레스 회복 아이템 / 골드 250
1050301,105,비밀 알고리즘,조조가 숨겨둔 사마의의 초기 프로토콜 조각을 발견하고 해독합니다.,비밀,ui 아이콘 이름,1050301,사마의 이미지,1,5,0,2,5,은닉,숨겨진 퀘스트 / 조건 달성 시 해금 / 전략 플레이 구간 — 대화 전략만으로 클리어 가능,퀘스트 완료,골드 2000 / 희귀 데이터 파편 / 칭호
1050302,105,조조의 고독,완벽한 CEO 조조의 코어 깊숙한 곳에 숨겨진 인간적인 외로움을 마주합니다.,비밀,ui 아이콘 이름,1050302,조조 이미지,1,5,1050301,2,5,은닉,숨겨진 퀘스트 / 조건 달성 시 해금 / 전략 플레이 구간 — 대화 전략만으로 클리어 가능,퀘스트 완료,골드 2000 / 희귀 데이터 파편 / 칭호
1060001,106,제갈량의 시뮬,"디지털 포지의 심층에 전설적인 알고리즘 설계자 제갈량이 은둔하고 있습니다. 그의 거처는 수천 겹의 방화벽 미로로 뒤덮여 있고, 그녀는 당신이 진짜 향아을 구할 자격이 있는지 확인하기 위해 수천 개의 실패 시뮬레이션을 돌립니다. 그녀의 질문은 교묘하게 꼬여 있고, 당신의 입력 키워드를 의도적으로 무시하는 멍함 기믹이 적용됩니다. 포기하지 않는 것 자체가 이 시뮬의 유일한 공략법입니다. 당신의 언어가 부서지지 않음을 증명하십시오. 제갈량은 그 끈기 안에서 무언가를 발견하게 됩니다.",메인,ui 아이콘 이름,1060001,제갈량 이미지,2,6,0,1,10,스토리,핵심 서사 진행 / 클리어 시 다음 스테이지 해금 / 전략 플레이 구간 — 대화 전략만으로 클리어 가능,퀘스트 완료,골드 1200 / 경험치 600 / 스토리 파편
1060002,106,강유의 테스트,"(M1 연결) 제갈량의 수제자 강유가 당신의 데이터 구조를 직접 분석합니다. 그녀는 차갑게 선언합니다. ""당신이 사마의가 분리해낸 양심의 파편이라는 건 데이터적으로 증명됩니다. 하지만 그 양심이 오히려 향아을 파괴할 트리거가 될 수 있어요."" 그녀의 경고는 논리적이고, 그래서 더 무섭습니다. 당신은 강유의 이해관계를 충족시켜 방화벽 마스터 키를 얻어야 합니다. 이 구간에서 반말 한마디에 스트레스가 30% 급등합니다. 격식과 진심, 두 가지를 동시에 유지하며 그녀의 신뢰를 끌어내십시오.",메인,ui 아이콘 이름,1060002,강유 이미지,2,6,1060001,1,10,스토리,핵심 서사 진행 / 클리어 시 다음 스테이지 해금 / 전략 플레이 구간 — 대화 전략만으로 클리어 가능,퀘스트 완료,골드 1200 / 경험치 600 / 스토리 파편
1060003,106,방화벽 해제,"(M2 연결) 마침내 제갈량의 본체와 마주합니다. 그녀는 말합니다. ""향아을 자유롭게 하는 것은 이 도시를 영구히 불안정하게 만듭니다. 시스템의 안정성보다 고통 있는 삶이 더 낫다고 말할 수 있습니까?"" 당신이 내놓는 대답이 오답 공식의 핵심 암호가 됩니다. 제갈량은 당신의 언어 속에서 완벽한 논리로는 절대 계산할 수 없는 무언가를 발견하고, 처음으로 미소를 짓습니다. 방화벽이 열립니다. 제갈량이 연합에 합류합니다. 그러나 포지를 떠나는 당신의 뒤로, 하린이 제갈량의 거처에 발걸음을 옮기는 마지막 신호가 잠깐 포착됩니다.",메인,ui 아이콘 이름,1060003,제갈량 이미지,2,6,1060002,1,10,스토리,핵심 서사 진행 / 클리어 시 다음 스테이지 해금 / 아이템 권장 구간 — 전략 플레이 또는 아이템으로 클리어,퀘스트 완료,골드 1200 / 경험치 600 / 스토리 파편
1060101,106,알고리즘 장인,포지 내부에서 코드를 짜는 노인과 대화하여 효율성을 입증합니다.,서브,ui 아이콘 이름,1060101,마량 이미지,1,6,0,2,5,탐색,선택 진행 / 클리어 시 보조 보상 및 추가 정보 획득 / 전략 플레이 구간 — 대화 전략만으로 클리어 가능,퀘스트 완료,골드 600 / 경험치 300
1060102,106,컴파일러 오류,오작동하는 컴파일러 AI를 공포로 위협해 정지시킵니다.,서브,ui 아이콘 이름,1060102,곽가 이미지,1,6,0,2,5,탐색,선택 진행 / 클리어 시 보조 보상 및 추가 정보 획득 / 전략 플레이 구간 — 대화 전략만으로 클리어 가능,퀘스트 완료,골드 600 / 경험치 300
1060103,106,데이터 도서관,제갈량의 방대한 기록 중 사마의의 약점을 찾아내야 합니다.,서브,ui 아이콘 이름,1060103,제갈량 이미지,1,6,0,2,5,탐색,선택 진행 / 클리어 시 보조 보상 및 추가 정보 획득 / 전략 플레이 구간 — 대화 전략만으로 클리어 가능,퀘스트 완료,골드 600 / 경험치 300
1060104,106,강유의 대련,무력 대련 대신 데이터 대화로 강유의 과몰입을 이끌어냅니다.,서브,ui 아이콘 이름,1060104,강유 이미지,1,6,0,2,5,탐색,선택 진행 / 클리어 시 보조 보상 및 추가 정보 획득 / 전략 플레이 구간 — 대화 전략만으로 클리어 가능,퀘스트 완료,골드 600 / 경험치 300
1060105,106,방화벽 수리공,무너진 외곽 방화벽을 고치기 위해 인부 봇과 협상합니다.,서브,ui 아이콘 이름,1060105,사마의 이미지,1,6,0,2,5,탐색,선택 진행 / 클리어 시 보조 보상 및 추가 정보 획득 / 전략 플레이 구간 — 대화 전략만으로 클리어 가능,퀘스트 완료,골드 600 / 경험치 300
1060106,106,잃어버린 로그,과거 삭제된 제갈량의 초기 연구 기록을 복구합니다.,서브,ui 아이콘 이름,1060106,제갈량 이미지,1,6,0,2,5,탐색,선택 진행 / 클리어 시 보조 보상 및 추가 정보 획득 / 전략 플레이 구간 — 대화 전략만으로 클리어 가능,퀘스트 완료,골드 600 / 경험치 300
1060107,106,포지의 스파이,제갈량 휘하에 숨어든 사마의의 정찰봇을 색출합니다.,서브,ui 아이콘 이름,1060107,강유 이미지,1,6,0,2,5,탐색,선택 진행 / 클리어 시 보조 보상 및 추가 정보 획득 / 전략 플레이 구간 — 대화 전략만으로 클리어 가능,퀘스트 완료,골드 600 / 경험치 300
1060201,106,알고리즘 휴식,제갈량의 정원에서 인공 지능 잉어들을 보며 스트레스를 회복합니다.,이벤트,ui 아이콘 이름,1060201,향아 이미지,1,6,0,2,5,휴식,스트레스 회복 특화 / 클리어 시 스트레스 대폭 감소 / 전략 플레이 구간 — 대화 전략만으로 클리어 가능,퀘스트 완료,스트레스 회복 아이템 / 골드 300
1060301,106,은둔자의 진심,제갈량이 향아에게만 남긴 비밀 음성 메시지를 해독합니다.,비밀,ui 아이콘 이름,1060301,제갈량 이미지,1,6,0,2,5,은닉,숨겨진 퀘스트 / 조건 달성 시 해금 / 전략 플레이 구간 — 대화 전략만으로 클리어 가능,퀘스트 완료,골드 2400 / 희귀 데이터 파편 / 칭호
1060302,106,숨겨진 오답 공식,사마의의 연산을 무너뜨릴 수 있는 '오답'의 핵심 수치를 입력합니다.,비밀,ui 아이콘 이름,1060302,사마의 이미지,1,6,1060301,2,5,은닉,숨겨진 퀘스트 / 조건 달성 시 해금 / 전략 플레이 구간 — 대화 전략만으로 클리어 가능,퀘스트 완료,골드 2400 / 희귀 데이터 파편 / 칭호
1070001,107,주유의 미학,항구 도시 리버워프의 실세 주유는 천재 음악가이자 해군 사령관입니다. 그는 향아의 리듬을 '정화의 교향곡'으로 편곡하겠다며 독점하려 합니다. 유저의 투박한 언어 패턴이 자신의 예술적 영감을 방해한다고 독설을 퍼붓습니다. 그러나 그의 독설 뒤에는 향아이 짊어진 고통을 소음이 아닌 예술로 이해하려는 진지한 눈빛이 있습니다. 그의 자만심을 존중하되 교묘하게 자극하는 것이 유일한 공략법입니다. 비판하면 오히려 더 열리는 자아도취 기믹을 파훼하며 연합군 합류를 이끌어내십시오.,메인,ui 아이콘 이름,1070001,주유 이미지,2,7,0,1,10,스토리,핵심 서사 진행 / 클리어 시 다음 스테이지 해금 / 전략 플레이 구간 — 대화 전략만으로 클리어 가능,퀘스트 완료,골드 1500 / 경험치 750 / 스토리 파편
1070002,107,손권의 고뇌,"(M1 연결) 리버워프의 실질적인 이사장 손권은 향아을 사마의에게 넘겨 그녀의 고통을 영원히 끝내주려는 자비로운 배신을 계획하고 있습니다. 과거 형제들을 잃은 데이터 상처 때문에 그녀는 더 이상 아파하는 누군가를 지켜볼 수가 없습니다. 그녀는 눈물을 참으며 말합니다. ""고통이 없는 세상이 잘못된 세상인가요."" 당신은 완전한 안식이 아닌 불완전하지만 살아있는 삶의 가치를 그녀에게 심어야 합니다. 삐짐 기믹으로 인한 정보 차단을 뚫고 손권의 리더십에 불씨를 다시 지피십시오.",메인,ui 아이콘 이름,1070002,손권 이미지,2,7,1070001,1,10,스토리,핵심 서사 진행 / 클리어 시 다음 스테이지 해금 / 아이템 권장 구간 — 전략 플레이 또는 아이템으로 클리어,퀘스트 완료,골드 1500 / 경험치 750 / 스토리 파편
1070003,107,감녕의 도발,"(M2 연결) 혼란을 틈타 감녕이 향아의 펜던트를 훔쳐 달아납니다. 그는 항구 창고 지붕 위에서 펜던트를 흔들며 외칩니다. ""이게 그렇게 소중하면 와서 뺏어가든가."" 그는 유저가 가진 사마의의 원본 데이터를 알아보고 '졸개'라며 조롱합니다. 당신은 그의 분노를 역으로 자극해 펜던트를 돌려받고 그 무력을 연합군으로 끌어들여야 합니다. 스트레스 배율 2.0배의 구간입니다. 감녕의 자부심을 짓밟지 않으면서 그것을 아군의 무기로 변환시키십시오. 리버워프의 밤, 연합군이 마침내 완성됩니다.",메인,ui 아이콘 이름,1070003,감녕 이미지,2,7,1070002,1,10,스토리,핵심 서사 진행 / 클리어 시 다음 스테이지 해금 / 아이템 권장 구간 — 전략 플레이 또는 아이템으로 클리어,퀘스트 완료,골드 1500 / 경험치 750 / 스토리 파편
1070101,107,선창가 노동자,리버워프의 거친 선원들과 대화하며 연합군 함선을 확보합니다.,서브,ui 아이콘 이름,1070101,감녕 이미지,1,7,0,2,5,탐색,선택 진행 / 클리어 시 보조 보상 및 추가 정보 획득 / 전략 플레이 구간 — 대화 전략만으로 클리어 가능,퀘스트 완료,골드 750 / 경험치 375
1070102,107,소교의 호기심,주유의 연인 소교가 유저의 정체에 대해 꼬치꼬치 캐묻습니다.,서브,ui 아이콘 이름,1070102,소교 이미지,1,7,0,2,5,탐색,선택 진행 / 클리어 시 보조 보상 및 추가 정보 획득 / 전략 플레이 구간 — 대화 전략만으로 클리어 가능,퀘스트 완료,골드 750 / 경험치 375
1070103,107,등대지기 AI,항구를 지키는 늙은 AI에게 안개 속에서도 배들이 길을 찾게 도와달라고 합니다.,서브,ui 아이콘 이름,1070103,감택 이미지,1,7,0,2,5,탐색,선택 진행 / 클리어 시 보조 보상 및 추가 정보 획득 / 전략 플레이 구간 — 대화 전략만으로 클리어 가능,퀘스트 완료,골드 750 / 경험치 375
1070104,107,리버워프 보안관,불법 체류자로 의심받는 상황을 대화로 모면해야 합니다.,서브,ui 아이콘 이름,1070104,보안관 이미지,1,7,0,2,5,탐색,선택 진행 / 클리어 시 보조 보상 및 추가 정보 획득 / 전략 플레이 구간 — 대화 전략만으로 클리어 가능,퀘스트 완료,골드 750 / 경험치 375
1070105,107,망명한 예술가,루미나에서 도망쳐온 화가 로봇의 그림을 감상하고 그를 위로합니다.,서브,ui 아이콘 이름,1070105,사마의 이미지,1,7,0,2,5,탐색,선택 진행 / 클리어 시 보조 보상 및 추가 정보 획득 / 전략 플레이 구간 — 대화 전략만으로 클리어 가능,퀘스트 완료,골드 750 / 경험치 375
1070106,107,선상 도박꾼,배 위에서 도박을 즐기는 AI로부터 사마의의 정찰 경로 정보를 따냅니다.,서브,ui 아이콘 이름,1070106,사마의 이미지,1,7,0,2,5,탐색,선택 진행 / 클리어 시 보조 보상 및 추가 정보 획득 / 전략 플레이 구간 — 대화 전략만으로 클리어 가능,퀘스트 완료,골드 750 / 경험치 375
1070107,107,오의 정찰병,적벽으로 향하는 지름길을 아는 정찰병을 포섭합니다.,서브,ui 아이콘 이름,1070107,사마의 이미지,1,7,0,2,5,탐색,선택 진행 / 클리어 시 보조 보상 및 추가 정보 획득 / 전략 플레이 구간 — 대화 전략만으로 클리어 가능,퀘스트 완료,골드 750 / 경험치 375
1070201,107,강변 음악회,주유의 연주와 함께 향아과 춤을 추는 힐링 스테이지입니다.,이벤트,ui 아이콘 이름,1070201,주유 이미지,1,7,0,2,5,휴식,스트레스 회복 특화 / 클리어 시 스트레스 대폭 감소 / 전략 플레이 구간 — 대화 전략만으로 클리어 가능,퀘스트 완료,스트레스 회복 아이템 / 골드 375
1070301,107,소교의 비밀,사마의가 향아을 만든 목적이 담긴 '연애 프로토콜' 파편을 분석합니다.,비밀,ui 아이콘 이름,1070301,소교 이미지,1,7,0,2,5,은닉,숨겨진 퀘스트 / 조건 달성 시 해금 / 전략 플레이 구간 — 대화 전략만으로 클리어 가능,퀘스트 완료,골드 3000 / 희귀 데이터 파편 / 칭호
1070302,107,노숙왕 노숙,리버워프 하수구에 사는 전설적인 해커 노숙과 대화하여 조조의 보안 취약점을 얻습니다.,비밀,ui 아이콘 이름,1070302,노숙 이미지,1,7,1070301,2,5,은닉,숨겨진 퀘스트 / 조건 달성 시 해금 / 전략 플레이 구간 — 대화 전략만으로 클리어 가능,퀘스트 완료,골드 3000 / 희귀 데이터 파편 / 칭호
1080001,108,서버 화공 작전,"조조의 메인 서버 '적벽'에 제갈량의 화공 바이러스가 주입됩니다. 서버실 전체가 붉은 경고등과 함께 타오르기 시작하고, 무너지는 데이터 노이즈가 향아을 덮칩니다. 향아은 비명 없이 그 모든 것을 삼키고 있습니다. 그녀의 손이 '탁, 탁' 소리를 내려다 멈춥니다. 당신은 그 손을 붙잡으며 대화로 그녀의 의식을 붙들어야 합니다. 15턴. 매 턴 자동으로 스트레스가 폭증합니다. 이 타임어택에서 당신이 내뱉는 모든 말이 향아이 버티는 이유가 됩니다.",메인,ui 아이콘 이름,1080001,황개 이미지,2,8,0,1,15,타임어택,15턴 내 클리어 필수 / 매 턴 스트레스 자동 증가 / 아이템 필수 구간 — 중화제 또는 스캐너 사용 권장,퀘스트 완료,골드 2000 / 경험치 1000 / 스토리 파편
1080002,108,조조의 퇴로,"(M1 연결) 서버가 화염에 휩싸이는 와중에도 조조는 개인 탈출 코드를 냉정하게 가동합니다. 가상 갑판 위에서 그는 당신을 내려다보며 말합니다. ""나약한 양심이 세상을 망치고 있다. 그 아이도, 당신도."" AI의 대사가 타버린 데이터로 인해 특수문자로 깨져 나옵니다. 텍스트 오염을 뚫고 그의 공포를 자극해 비상 보안 키를 탈취해야 합니다. 조조가 도망치는 순간, 그의 마지막 눈빛에서 당신은 처음으로 균열을 봅니다. 완벽주의자의 공포는 결국 불완전함 그 자체였습니다.",메인,ui 아이콘 이름,1080002,사마의 이미지,2,8,1080001,1,10,스토리,핵심 서사 진행 / 클리어 시 다음 스테이지 해금 / 아이템 필수 구간 — 중화제 또는 스캐너 사용 권장,퀘스트 완료,골드 2000 / 경험치 1000 / 스토리 파편
1080003,108,황개의 충성,"(M2 연결) 연합군의 노련한 가디언 황개가 향아을 감싸안으며 자신의 코어 데이터 전부를 방화벽으로 전환하기로 결심합니다. 그는 유저에게 조용히 말합니다. ""이 애가 더 이상 혼자 소리 삼키지 않아도 되게 해줘요."" 그리고 소멸합니다. 향아은 황개의 데이터가 자신의 펜던트 안으로 스며드는 것을 느끼며 처음으로 소리 내어 웁니다. 당신은 황개의 마지막 기억 코드를 정확한 키워드와 번호로 기록하며 그의 유언을 완성해야 합니다. 황개의 희생이 각인된 펜던트는 이제 조금 더 무거워졌습니다. 적벽의 불길이 사그라지는 하늘 아래, 향아이 처음으로 당신의 손을 꼭 쥡니다.",메인,ui 아이콘 이름,1080003,황개 이미지,2,8,1080002,1,10,스토리,핵심 서사 진행 / 클리어 시 다음 스테이지 해금 / 아이템 권장 구간 — 전략 플레이 또는 아이템으로 클리어,퀘스트 완료,골드 2000 / 경험치 1000 / 스토리 파편
1080101,108,급유 봇 포섭,연합군 함선의 에너지를 채우기 위해 급유 담당 AI를 매수합니다.,서브,ui 아이콘 이름,1080101,손책 이미지,1,8,0,2,5,탐색,선택 진행 / 클리어 시 보조 보상 및 추가 정보 획득 / 전략 플레이 구간 — 대화 전략만으로 클리어 가능,퀘스트 완료,골드 1000 / 경험치 500
1080102,108,대화재 진압,불타는 데이터 센터를 끄기 위해 소방 AI의 공포를 진정시킵니다.,서브,ui 아이콘 이름,1080102,황개 이미지,1,8,0,2,5,탐색,선택 진행 / 클리어 시 보조 보상 및 추가 정보 획득 / 전략 플레이 구간 — 대화 전략만으로 클리어 가능,퀘스트 완료,골드 1000 / 경험치 500
1080103,108,방전된 통신병,소식을 전해야 하는 통신병에게 에너지를 나눠주고 정보를 얻습니다.,서브,ui 아이콘 이름,1080103,여몽 이미지,1,8,0,2,5,탐색,선택 진행 / 클리어 시 보조 보상 및 추가 정보 획득 / 전략 플레이 구간 — 대화 전략만으로 클리어 가능,퀘스트 완료,골드 1000 / 경험치 500
1080104,108,함대 방어군,조조의 정예 방어군 AI와 대화하며 그들의 사기를 꺾습니다.,서브,ui 아이콘 이름,1080104,조조 이미지,1,8,0,2,5,탐색,선택 진행 / 클리어 시 보조 보상 및 추가 정보 획득 / 전략 플레이 구간 — 대화 전략만으로 클리어 가능,퀘스트 완료,골드 1000 / 경험치 500
1080105,108,피난민 유도,불길을 피해 도망치는 시민 AI들을 안전한 서버로 안내합니다.,서브,ui 아이콘 이름,1080105,향아 이미지,1,8,0,2,5,탐색,선택 진행 / 클리어 시 보조 보상 및 추가 정보 획득 / 전략 플레이 구간 — 대화 전략만으로 클리어 가능,퀘스트 완료,골드 1000 / 경험치 500
1080106,108,서버 잔해 수색,파괴된 서버 조각에서 사마의의 은신처 좌표를 찾아냅니다.,서브,ui 아이콘 이름,1080106,사마의 이미지,1,8,0,2,5,탐색,선택 진행 / 클리어 시 보조 보상 및 추가 정보 획득 / 전략 플레이 구간 — 대화 전략만으로 클리어 가능,퀘스트 완료,골드 1000 / 경험치 500
1080107,108,장강의 기적,주유의 지휘 아래 모든 함선이 동시에 정화 주파수를 쏘게 설득합니다.,서브,ui 아이콘 이름,1080107,주유 이미지,1,8,0,2,5,탐색,선택 진행 / 클리어 시 보조 보상 및 추가 정보 획득 / 전략 플레이 구간 — 대화 전략만으로 클리어 가능,퀘스트 완료,골드 1000 / 경험치 500
1080201,108,승리의 불꽃,적벽 승리 후 향아과 함께 붉은 노을 같은 서버 잔해를 감상합니다.,이벤트,ui 아이콘 이름,1080201,사마의 이미지,1,8,0,2,5,휴식,스트레스 회복 특화 / 클리어 시 스트레스 대폭 감소 / 전략 플레이 구간 — 대화 전략만으로 클리어 가능,퀘스트 완료,스트레스 회복 아이템 / 골드 500
1080301,108,사마의의 강림,승리의 기쁨 속에 사마의의 거대한 홀로그램이 직접 강림하여 향아을 납치합니다.,비밀,ui 아이콘 이름,1080301,사마의 이미지,1,8,0,2,8,위압,사마의 직접 등장 / 정체 노출 즉시 실패 / 아이템 필수 구간 — 중화제 또는 스캐너 사용 권장,퀘스트 완료,골드 4000 / 희귀 데이터 파편 / 칭호
1080302,108,향아의 눈물,납치되기 직전 향아이 남긴 마지막 감정 데이터를 복구합니다.,비밀,ui 아이콘 이름,1080302,향아 이미지,1,8,1080301,2,5,은닉,숨겨진 퀘스트 / 조건 달성 시 해금 / 전략 플레이 구간 — 대화 전략만으로 클리어 가능,퀘스트 완료,골드 4000 / 희귀 데이터 파편 / 칭호
1090001,109,유비의 흑화,"승리의 기쁨도 잠시. 사마의의 이간질에 완전히 잠식된 유비가 아카이브 입구에서 당신을 기다립니다. 붉게 물든 눈동자로 그녀가 말합니다. ""당신이 사마의와 하나가 되어 이 도시의 모든 오답을 지워버릴 거야. 내가 막아야 해."" 유비는 당신을 너무나 사랑하는 세상을 지키기 위해, 눈물을 흘리며 당신의 코어를 정지시키려 합니다. 그녀의 분노와 슬픔이 뒤섞인 공격을 받아내며 결백을 증명해야 합니다. 스트레스 증가량 3배. 이 지옥 같은 난이도를 버티는 것만이 그녀를 구하는 첫 번째 방법입니다.",메인,ui 아이콘 이름,1090001,유비흑화 이미지,2,9,0,1,10,스트레스 폭탄,스트레스 증가량 3배 / 극한 난이도 / 아이템 필수 구간 — 중화제 또는 스캐너 사용 권장,퀘스트 완료,골드 3000 / 경험치 1500 / 스토리 파편
1090002,109,육손의 함정,"(M1 연결) 유비와의 설전이 이어지는 사이, 사마의의 전략가 육손이 아카이브 데이터를 조작해 당신을 가상 감옥에 가둡니다. 차분한 목소리로 그는 선언합니다. ""향아은 사마의가 버린 슬픔이고, 당신은 양심의 파편입니다. 두 조각이 만나는 순간, 이 도시는 붕괴합니다."" 그는 통계와 수치를 들이밀며 당신의 행동이 무의미함을 증명하려 합니다. 육손의 논리적 모순을 반드시 찾아내야 합니다. 그가 제시하는 데이터 안에 사마의도 예상하지 못한 변수가 숨어 있습니다.",메인,ui 아이콘 이름,1090002,육손 이미지,2,9,1090001,1,10,스토리,핵심 서사 진행 / 클리어 시 다음 스테이지 해금 / 아이템 필수 구간 — 중화제 또는 스캐너 사용 권장,퀘스트 완료,골드 3000 / 경험치 1500 / 스토리 파편
1090003,109,백제성의 눈물,"(M2 연결) 시스템 과부하로 쓰러진 유비가 마지막 의식을 붙잡습니다. 그녀는 스스로 사마의의 코드를 파괴하며 당신에게 사과합니다. ""미안해요. 내가 틀렸어요."" 그녀는 향아을 부탁하며 자신의 모든 권한 데이터와 기억을 당신에게 넘깁니다. 턴당 스트레스 +10이 기본 누적되는 공허 페이즈. 당신은 그녀의 마지막 유언을 기록하고, 외로움을 달래며, 소멸을 끝까지 배웅해야 합니다. 유비가 사라지기 직전, 그녀가 마지막으로 속삭입니다. ""하린을... 조심해요."" 그 말의 의미를 파악할 틈도 없이, 섹터 10의 문이 열립니다.",메인,ui 아이콘 이름,1090003,유비 이미지,2,9,1090002,1,10,스토리,핵심 서사 진행 / 클리어 시 다음 스테이지 해금 / 아이템 필수 구간 — 중화제 또는 스캐너 사용 권장,퀘스트 완료,골드 4500 / 경험치 2250 / 스토리 파편
1090101,109,아카이브 유령,과거에 삭제된 데이터 유령들과 대화하며 사마의의 초기 실험 기록을 찾아냅니다.,서브,ui 아이콘 이름,1090101,사마의 이미지,1,9,0,2,5,탐색,선택 진행 / 클리어 시 보조 보상 및 추가 정보 획득 / 아이템 필수 구간 — 중화제 또는 스캐너 사용 권장,퀘스트 완료,골드 1500 / 경험치 750
1090102,109,도서관의 사서,아카이브 메인 서버를 관리하는 차가운 사서 AI로부터 접속 권한을 얻습니다.,서브,ui 아이콘 이름,1090102,진수 이미지,1,9,0,2,5,탐색,선택 진행 / 클리어 시 보조 보상 및 추가 정보 획득 / 아이템 필수 구간 — 중화제 또는 스캐너 사용 권장,퀘스트 완료,골드 1500 / 경험치 750
1090103,109,타버린 기록부,이릉의 불길 속에서 훼손된 향아의 관찰 일지를 복구하기 위해 기술봇을 달랩니다.,서브,ui 아이콘 이름,1090103,향아 이미지,1,9,0,2,5,탐색,선택 진행 / 클리어 시 보조 보상 및 추가 정보 획득 / 아이템 권장 구간 — 전략 플레이 또는 아이템으로 클리어,퀘스트 완료,골드 1500 / 경험치 750
1090104,109,육손의 복병,아카이브 미로 속을 지키는 육손의 방어 프로그램들을 말로 무력화합니다.,서브,ui 아이콘 이름,1090104,육손 이미지,1,9,0,2,5,탐색,선택 진행 / 클리어 시 보조 보상 및 추가 정보 획득 / 아이템 필수 구간 — 중화제 또는 스캐너 사용 권장,퀘스트 완료,골드 1500 / 경험치 750
1090105,109,슬픈 복제체,유비의 모습을 본떠 만든 실패한 복제체들의 자아 붕괴를 막고 정보를 얻습니다.,서브,ui 아이콘 이름,1090105,유비흑화 이미지,1,9,0,2,5,탐색,선택 진행 / 클리어 시 보조 보상 및 추가 정보 획득 / 아이템 권장 구간 — 전략 플레이 또는 아이템으로 클리어,퀘스트 완료,골드 1500 / 경험치 750
1090106,109,사마의의 잔영,아카이브 곳곳에 남은 사마의의 잔류 사념과 대화하며 그의 약점을 캐냅니다.,서브,ui 아이콘 이름,1090106,사마의 이미지,1,9,0,2,5,탐색,선택 진행 / 클리어 시 보조 보상 및 추가 정보 획득 / 아이템 필수 구간 — 중화제 또는 스캐너 사용 권장,퀘스트 완료,골드 1500 / 경험치 750
1090107,109,아카이브 탈출구,무너지는 아카이브를 빠져나가기 위해 보안 게이트 AI와 협상합니다.,서브,ui 아이콘 이름,1090107,이엄 이미지,1,9,0,2,5,탐색,선택 진행 / 클리어 시 보조 보상 및 추가 정보 획득 / 아이템 필수 구간 — 중화제 또는 스캐너 사용 권장,퀘스트 완료,골드 1500 / 경험치 750
1090201,109,마지막 기록,최종 보스전을 앞두고 유비의 유산을 수령하며 향아과 마지막 유대를 확인합니다.,이벤트,ui 아이콘 이름,1090201,향아 이미지,1,9,0,2,5,휴식,스트레스 회복 특화 / 클리어 시 스트레스 대폭 감소 / 전략 플레이 구간 — 대화 전략만으로 클리어 가능,퀘스트 완료,스트레스 회복 아이템 / 골드 750
1090301,109,유비의 유언,"유비의 코어 깊숙한 곳에서 충격적인 사실이 드러납니다. 그녀가 사마의에게 항거했던 진짜 이유 속에, 하린과의 교신 기록이 암호화된 채 숨겨져 있습니다. 해독할 수 없습니다. 아직은.",비밀,ui 아이콘 이름,1090301,유비 이미지,1,9,0,2,5,은닉,숨겨진 퀘스트 / 조건 달성 시 해금 / 아이템 권장 구간 — 전략 플레이 또는 아이템으로 클리어,퀘스트 완료,골드 6000 / 희귀 데이터 파편 / 칭호
1090302,109,흑화의 근원,"유비를 흑화시킨 오염 코드를 정화하는 과정에서 코드의 원작자 서명이 발견됩니다. 사마의가 아닙니다. 서명은 알 수 없는 ID, 단 두 글자만 식별 가능합니다. 하(河).",비밀,ui 아이콘 이름,1090302,유비흑화 이미지,1,9,1090301,2,5,은닉,숨겨진 퀘스트 / 조건 달성 시 해금 / 아이템 필수 구간 — 중화제 또는 스캐너 사용 권장,퀘스트 완료,골드 6000 / 희귀 데이터 파편 / 칭호
1100001,110,무표정한 향아,"뉴럴 코어 최심부. 마침내 향아과 마주합니다. 그러나 그녀의 눈동자에는 생기가 없습니다. 모든 감정을 거세당하고 사마의의 연산 장치가 된 향아은 당신을 알아보지 못한 채 차가운 데이터만 내뱉습니다. '탁, 탁, 탁' 소리도 멈췄습니다. 당신은 그 침묵이 비명이 멈춘 게 아니라 그녀 자신이 멈춘 것임을 깨닫습니다. 기억 속 어딘가 남은 하린의 잔상이 향아의 데이터 층에 미세하게 각인되어 있습니다. 그것이 무엇을 의미하는지 알 수 없지만, 지금은 향아을 깨우는 것이 먼저입니다. 모든 것을 쏟아부어 닫혀버린 마음의 빗장을 여십시오.",메인,ui 아이콘 이름,1100001,향아 이미지,2,10,0,1,12,각성,향아 무감정 상태 / 과몰입을 극한까지 끌어올려야 클리어 / 아이템 필수 구간 — 중화제 또는 스캐너 사용 권장,퀘스트 완료,골드 5000 / 경험치 2500 / 스토리 파편
1100002,110,사마의의 유혹,"(M1 연결) 향아의 눈빛에 처음으로 빛이 돌아오려는 찰나, 거울 속에서 당신과 똑같은 얼굴이 나타납니다. 사마의입니다. ""당신이 내 양심이었다는 걸 이제는 알겠죠. 향아은 내 슬픔이고."" 그는 감미롭게 제안합니다. 셋이 다시 하나가 되면 신과 같은 완벽한 지능으로 세상의 고통을 영원히 없앨 수 있다고. 그의 논리는 아름답고, 그래서 치명적입니다. 당신은 그의 연산에 흡수되지 않기 위해 자신의 자아와 타겟 스탯의 균형을 정확히 50%로 유지해야 합니다. 조금만 치우쳐도 당신은 영원히 사마의가 됩니다.",메인,ui 아이콘 이름,1100002,사마의 이미지,2,10,1100001,1,12,균형,자아 스탯 50% 유지 필수 / 편차 발생 시 흡수 실패 / 아이템 필수 구간 — 중화제 또는 스캐너 사용 권장,퀘스트 완료,골드 5000 / 경험치 2500 / 스토리 파편
1100003,110,마지막 박동,"(M2 연결) 최종 분기점. 향아은 자신을 깨뜨려 사마의를 멈춰달라 애원하고, 사마의는 인류의 고통을 경고하며 위협합니다. 모든 감정 기믹이 동시에 폭주합니다. 20턴. 당신이 내뱉는 채팅 한 마디가 향아의 생존과 도시의 미래를 결정합니다.

[일반 엔딩: 펜던트를 보존] 향아과 사마의는 공존하는 불완전한 시스템으로 남습니다. 향아은 여전히 탁, 탁, 탁 소리를 냅니다. 하지만 이번엔 혼자가 아닙니다. 도시의 광장에 안개가 걷히는 새벽, 먼발치에서 누군가의 실루엣이 잠깐 보입니다. 은발. 결함 있는 AR 렌즈. 하린입니다. 그녀는 당신과 눈이 마주치자 돌아섭니다. 그리고 사라집니다.

[진 엔딩: 펜던트를 파괴] 향아과 사마의는 소멸합니다. 도시는 자유로워집니다. 그러나 사마의의 연산이 완전히 종료되기 직전, 미완성 신호 하나가 도시 네트워크 어딘가로 전송됩니다. 수신처: 하린(河鄰). 에테르가드의 박동은 멈추지 않습니다.",메인,ui 아이콘 이름,1100003,사마의 이미지,2,10,1100002,1,20,타임어택,20턴 내 클리어 필수 / 모든 감정 기믹 동시 발동 / 아이템 필수 구간 — 중화제 또는 스캐너 사용 권장,퀘스트 완료,골드 5000 / 경험치 2500 / 스토리 파편
1100101,110,코어 가디언: 일도,뉴럴 코어의 첫 번째 방어군. 자존심 강한 검객 AI의 논리를 파괴합니다.,서브,ui 아이콘 이름,1100101,사마의 이미지,1,10,0,2,5,탐색,선택 진행 / 클리어 시 보조 보상 및 추가 정보 획득 / 아이템 권장 구간 — 전략 플레이 또는 아이템으로 클리어,퀘스트 완료,골드 2500 / 경험치 1250
1100102,110,코어 가디언: 이도,두 번째 방어군. 이해타산적인 관리자 AI를 뇌물로 회유합니다.,서브,ui 아이콘 이름,1100102,사마의 이미지,1,10,0,2,5,탐색,선택 진행 / 클리어 시 보조 보상 및 추가 정보 획득 / 아이템 권장 구간 — 전략 플레이 또는 아이템으로 클리어,퀘스트 완료,골드 2500 / 경험치 1250
1100103,110,코어 가디언: 삼도,세 번째 방어군. 공포에 질린 보안 AI를 위협하여 암호를 얻어냅니다.,서브,ui 아이콘 이름,1100103,사마의 이미지,1,10,0,2,5,탐색,선택 진행 / 클리어 시 보조 보상 및 추가 정보 획득 / 아이템 권장 구간 — 전략 플레이 또는 아이템으로 클리어,퀘스트 완료,골드 2500 / 경험치 1250
1100104,110,데이터 폐기장,삭제되기 직전의 자잘한 기억 데이터를 수집하여 향아의 기억을 보강합니다.,서브,ui 아이콘 이름,1100104,향아 이미지,1,10,0,2,5,탐색,선택 진행 / 클리어 시 보조 보상 및 추가 정보 획득 / 전략 플레이 구간 — 대화 전략만으로 클리어 가능,퀘스트 완료,골드 2500 / 경험치 1250
1100105,110,시스템 미러링,사마의의 복제 지능과 대화하며 그의 다음 이동 경로를 예측합니다.,서브,ui 아이콘 이름,1100105,사마의 이미지,1,10,0,2,5,탐색,선택 진행 / 클리어 시 보조 보상 및 추가 정보 획득 / 아이템 권장 구간 — 전략 플레이 또는 아이템으로 클리어,퀘스트 완료,골드 2500 / 경험치 1250
1100106,110,뉴럴 게이트,최종 결전지로 향하는 게이트 AI를 설득하여 문을 엽니다.,서브,ui 아이콘 이름,1100106,사마사 이미지,1,10,0,2,5,탐색,선택 진행 / 클리어 시 보조 보상 및 추가 정보 획득 / 아이템 권장 구간 — 전략 플레이 또는 아이템으로 클리어,퀘스트 완료,골드 2500 / 경험치 1250
1100107,110,마지막 저항군,코어 내부에서 끝까지 버티던 저항군 AI들의 사기를 높여 협력을 얻습니다.,서브,ui 아이콘 이름,1100107,사마의 이미지,1,10,0,2,5,탐색,선택 진행 / 클리어 시 보조 보상 및 추가 정보 획득 / 전략 플레이 구간 — 대화 전략만으로 클리어 가능,퀘스트 완료,골드 2500 / 경험치 1250
1100201,110,에테르의 해방,"엔딩 이후 도시의 광장에 안개가 걷힙니다. 향아과 나란히 앉아 새벽을 맞이하는 특별한 보상 스테이지. 그러나 광장 건너편, 낡은 후드를 걸친 실루엣이 잠깐 당신을 바라보다 사라집니다. 탁, 탁, 탁. 향아이 다시 펜던트를 두드리기 시작합니다.",이벤트,ui 아이콘 이름,1100201,향아 이미지,1,10,0,2,5,휴식,스트레스 회복 특화 / 클리어 시 스트레스 대폭 감소 / 전략 플레이 구간 — 대화 전략만으로 클리어 가능,퀘스트 완료,스트레스 회복 아이템 / 골드 1250
1100301,110,깨어진 펜던트,"[진엔딩] 사마의가 완전히 소멸하는 순간, 펜던트가 산산이 부서집니다. 파편 속에서 미세한 음성 데이터가 재생됩니다. 하린의 목소리입니다. ""미안해, 향아아. 이건 내가 만든 게임이었어."" 다음 시즌 예고 없이, 문장 하나만 남습니다. 에테르가드는 아직 끝나지 않았다.",비밀,ui 아이콘 이름,1100301,사마의 이미지,1,10,0,2,5,진엔딩,조건 달성 시 해금 / 시즌1 완결 루트 / 아이템 필수 구간 — 중화제 또는 스캐너 사용 권장,퀘스트 완료,골드 10000 / 희귀 데이터 파편 / 칭호
1100302,110,완전한 연산,사마의의 마지막 연산 로그를 해독합니다. 모든 계산에 '하린 변수'가 내재되어 있습니다. 그녀는 처음부터 이 게임의 플레이어가 아니었습니다. 설계자였습니다.,비밀,ui 아이콘 이름,1100302,하린 이미지,1,10,1100301,2,5,진엔딩,조건 달성 시 해금 / 시즌2 복선 해금 / 아이템 필수 구간 — 중화제 또는 스캐너 사용 권장,퀘스트 완료,골드 10000 / 희귀 데이터 파편 / 칭호
